[
  {
    "ParameterKey": "OrganizationalUnit",
    "ParameterValue": "o-xxxxxxxxxx"
  },
  {
    "ParameterKey": "Version",
    "ParameterValue": "1"
  },
  {
    "ParameterKey": "PortfolioDisplayName",
    "ParameterValue": "ChaosEngineeringPortfolio"
  },
  {
    "ParameterKey": "PortfolioDescription",
    "ParameterValue": "This Portfolio contains Chaos Experiments to test infrastructure resiliancy."
  },
  {
    "ParameterKey": "PortfolioProviderName",
    "ParameterValue": "PlatformTeam"
  },
  {
    "ParameterKey": "ProductDescription",
    "ParameterValue": "Deploys an EC2 and RDS FIS Experiment."
  },
  {
    "ParameterKey": "ProductName",
    "ParameterValue": "ChaosExperiment"
  },
  {
    "ParameterKey": "ProductOwner",
    "ParameterValue": "ProductOwnerName"
  },
  {
    "ParameterKey": "ProvisioningTemplate",
    "ParameterValue": "https://control-tower-storage-<ACCOUNT-ID>-<REGION>.s3.us-west-2.amazonaws.com/fis-experiment.yml"
  },
  {
    "ParameterKey": "ProvisioningDescription",
    "ParameterValue": "SourceCodeBucket"
  },
  {
    "ParameterKey": "ProvisioningName",
    "ParameterValue": "FIS-Experiment"
  }
]